{
    "welcomeFile": "ui/index.html",
    "authenticationMethod": "route",
    "routes": [
        { 
            "source": "^/java", 
            "target": "/", 
            "destination": "javaapp", 
            "authenticationType": "xsuaa"
        },
        { 
            "source": "^/node", 
            "target": "/", 
            "destination": "nodeapp", 
            "authenticationType": "xsuaa"
        },
        { 
            "source": "^/ui/(.*)$", 
            "target": "$1", 
            "localDir": "resources", 
            "authenticationType": "xsuaa"
        }
    ]
}