{
	"info": {
		"_postman_id": "bcf2a2e1-1b6c-4fb0-9c55-fef8e595944f",
		"name": "Anubhav BTP Training",
		"schema": "https://schema.getpostman.com/json/collection/v2.1.0/collection.json"
	},
	"item": [
		{
			"name": "GET All Vendors",
			"request": {
				"method": "GET",
				"header": [],
				"url": {
					"raw": "http://localhost:8080/vendor",
					"protocol": "http",
					"host": [
						"localhost"
					],
					"port": "8080",
					"path": [
						"vendor"
					]
				}
			},
			"response": []
		},
		{
			"name": "GET Single Vendor Data",
			"request": {
				"method": "GET",
				"header": [],
				"url": {
					"raw": "http://localhost:8080/vendor/20f09622-4f6f-4d0f-9c2f-d5eded36c931",
					"protocol": "http",
					"host": [
						"localhost"
					],
					"port": "8080",
					"path": [
						"vendor",
						"20f09622-4f6f-4d0f-9c2f-d5eded36c931"
					]
				}
			},
			"response": []
		},
		{
			"name": "ODATA Get with association",
			"request": {
				"method": "GET",
				"header": [],
				"url": {
					"raw": "http://localhost:8081/anubhav.svc/VendorSet('20f09622-4f6f-4d0f-9c2f-d5eded36c931')/Addressess",
					"protocol": "http",
					"host": [
						"localhost"
					],
					"port": "8081",
					"path": [
						"anubhav.svc",
						"VendorSet('20f09622-4f6f-4d0f-9c2f-d5eded36c931')",
						"Addressess"
					]
				}
			},
			"response": []
		},
		{
			"name": "ODATA Get vendor Data",
			"request": {
				"method": "GET",
				"header": [],
				"url": {
					"raw": "http://localhost:8081/anubhav.svc/VendorSet",
					"protocol": "http",
					"host": [
						"localhost"
					],
					"port": "8081",
					"path": [
						"anubhav.svc",
						"VendorSet"
					]
				}
			},
			"response": []
		},
		{
			"name": "POST to create new vendor",
			"request": {
				"method": "POST",
				"header": [],
				"body": {
					"mode": "raw",
					"raw": "{\r\n    \"companyName\": \"SAP\",\r\n    \"contactPerson\": \"Sakshi\",\r\n    \"firstName\": \"Anjali\",\r\n    \"lastName\": \"Kumari\",\r\n    \"website\": \"www.sap.com\",\r\n    \"email\": \"anjali@sap.com\",\r\n    \"status\": \"A\",\r\n    \"regDate\": \"2022-11-06T02:53:11.380+00:00\"\r\n}",
					"options": {
						"raw": {
							"language": "json"
						}
					}
				},
				"url": {
					"raw": "http://localhost:8080/vendor",
					"protocol": "http",
					"host": [
						"localhost"
					],
					"port": "8080",
					"path": [
						"vendor"
					]
				}
			},
			"response": []
		},
		{
			"name": "OData POST Operation",
			"request": {
				"method": "POST",
				"header": [],
				"body": {
					"mode": "raw",
					"raw": "{\r\n    \"CompanyName\": \"EMC2\",\r\n    \"ContactPerson\": \"Saurabh\",\r\n    \"FirstName\": \"Ananya\",\r\n    \"LastName\": \"Biswas\",\r\n    \"Website\": \"www.emc2.com\",\r\n    \"Email\": \"ananya@emc2.com\",\r\n    \"Status\": \"A\",\r\n    \"RegDate\": \"/Date(1667703191380)/\"\r\n}",
					"options": {
						"raw": {
							"language": "json"
						}
					}
				},
				"url": {
					"raw": "http://localhost:8081/anubhav.svc/VendorSet",
					"protocol": "http",
					"host": [
						"localhost"
					],
					"port": "8081",
					"path": [
						"anubhav.svc",
						"VendorSet"
					]
				}
			},
			"response": []
		},
		{
			"name": "UPDATE single vendor data",
			"request": {
				"method": "PUT",
				"header": [],
				"body": {
					"mode": "raw",
					"raw": "{\r\n    \"code\": \"20f09622-4f6f-4d0f-9c2f-d5eded36c931\",\r\n    \"companyName\": \"EMC2\",\r\n    \"contactPerson\": \"Saurabh\",\r\n    \"firstName\": \"Ananya\",\r\n    \"lastName\": \"Biswas\",\r\n    \"website\": \"www.emc2.com\",\r\n    \"email\": \"ananya@emc2.com\",\r\n    \"status\": \"A\",\r\n    \"regDate\": \"2022-11-06T02:53:11.380+00:00\"\r\n}",
					"options": {
						"raw": {
							"language": "json"
						}
					}
				},
				"url": {
					"raw": "http://localhost:8080/vendor?code=20f09622-4f6f-4d0f-9c2f-d5eded36c931",
					"protocol": "http",
					"host": [
						"localhost"
					],
					"port": "8080",
					"path": [
						"vendor"
					],
					"query": [
						{
							"key": "code",
							"value": "20f09622-4f6f-4d0f-9c2f-d5eded36c931"
						}
					]
				}
			},
			"response": []
		},
		{
			"name": "DELETE vendor data using microservice",
			"request": {
				"method": "DELETE",
				"header": [],
				"body": {
					"mode": "raw",
					"raw": "{\r\n    \"code\": \"VENDX\",\r\n    \"companyName\": \"SAP Labs\",\r\n    \"contactPerson\": \"Prakash Kumar\",\r\n    \"firstName\": \"Lohitaksh\",\r\n    \"lastName\": \"Varshnaey\",\r\n    \"website\": \"www.sap.com\",\r\n    \"email\": \"lohith@sap.com\",\r\n    \"status\": \"A\",\r\n    \"regDate\": \"2022-11-06T02:53:11.380+00:00\"\r\n}",
					"options": {
						"raw": {
							"language": "json"
						}
					}
				},
				"url": {
					"raw": "http://localhost:8080/vendor/4",
					"protocol": "http",
					"host": [
						"localhost"
					],
					"port": "8080",
					"path": [
						"vendor",
						"4"
					]
				}
			},
			"response": []
		},
		{
			"name": "Search data by Company Name",
			"request": {
				"method": "GET",
				"header": [],
				"url": {
					"raw": "http://localhost:8080/vendor/search?company=SAP",
					"protocol": "http",
					"host": [
						"localhost"
					],
					"port": "8080",
					"path": [
						"vendor",
						"search"
					],
					"query": [
						{
							"key": "company",
							"value": "SAP"
						}
					]
				}
			},
			"response": []
		},
		{
			"name": "Lookup vendor by first name - custom query",
			"request": {
				"method": "GET",
				"header": [],
				"url": {
					"raw": "http://localhost:8080/vendor/lookup/ia",
					"protocol": "http",
					"host": [
						"localhost"
					],
					"port": "8080",
					"path": [
						"vendor",
						"lookup",
						"ia"
					]
				}
			},
			"response": []
		},
		{
			"name": "POST new address for one of the employee",
			"request": {
				"method": "POST",
				"header": [],
				"body": {
					"mode": "raw",
					"raw": "{\r\n    \"addressType\":\"H\",\r\n    \"street\":\"MG Road\",\r\n    \"city\":\"Bangalore\",\r\n    \"country\":\"India\",\r\n    \"region\":\"APJ\",\r\n    \"vendorId\": \"20f09622-4f6f-4d0f-9c2f-d5eded36c931\"\r\n}",
					"options": {
						"raw": {
							"language": "json"
						}
					}
				},
				"url": {
					"raw": "http://localhost:8080/address",
					"protocol": "http",
					"host": [
						"localhost"
					],
					"port": "8080",
					"path": [
						"address"
					]
				}
			},
			"response": []
		},
		{
			"name": "POST vendor With Address",
			"request": {
				"method": "POST",
				"header": [],
				"body": {
					"mode": "raw",
					"raw": "{\r\n        \"companyName\": \"EY\",\r\n        \"contactPerson\": \"Santosh\",\r\n        \"firstName\": \"Gaurav\",\r\n        \"lastName\": \"Bindarwal\",\r\n        \"website\": \"www.ey.com\",\r\n        \"email\": \"gaurav@ey.com\",\r\n        \"status\": \"A\",\r\n        \"regDate\": \"2022-11-06T02:53:11.380+00:00\",\r\n        \"addressess\": [\r\n            {\r\n                \"addressType\": \"H\",\r\n                \"street\": \"MG Road\",\r\n                \"city\": \"Gurgaon\",\r\n                \"country\": \"India\",\r\n                \"region\": \"APJ\"\r\n            },\r\n            {\r\n                \"addressType\": \"P\",\r\n                \"street\": \"Mahamandir Road\",\r\n                \"city\": \"Sikar\",\r\n                \"country\": \"India\",\r\n                \"region\": \"APJ\"\r\n            }\r\n        ]\r\n    }",
					"options": {
						"raw": {
							"language": "json"
						}
					}
				},
				"url": {
					"raw": "http://localhost:8080/vendor",
					"protocol": "http",
					"host": [
						"localhost"
					],
					"port": "8080",
					"path": [
						"vendor"
					]
				}
			},
			"response": []
		},
		{
			"name": "Secure Microservice test",
			"request": {
				"auth": {
					"type": "oauth2",
					"oauth2": [
						{
							"key": "clientSecret",
							"value": "QkBS5n5BRABpO4TYk5o4ro9WNFg=",
							"type": "string"
						},
						{
							"key": "clientId",
							"value": "sb-springodata!t99481",
							"type": "string"
						},
						{
							"key": "password",
							"value": "Welcome1",
							"type": "string"
						},
						{
							"key": "username",
							"value": "contact@anubhavtrainings.com",
							"type": "string"
						},
						{
							"key": "accessTokenUrl",
							"value": "https://0c4c3479trial.authentication.us10.hana.ondemand.com/oauth/token",
							"type": "string"
						},
						{
							"key": "tokenName",
							"value": "BTPJWTToken",
							"type": "string"
						},
						{
							"key": "grant_type",
							"value": "password_credentials",
							"type": "string"
						},
						{
							"key": "client_authentication",
							"value": "header",
							"type": "string"
						},
						{
							"key": "authUrl",
							"value": "https://0c4c3479trial.authentication.us10.hana.ondemand.com/oauth/token",
							"type": "string"
						},
						{
							"key": "scope",
							"value": "",
							"type": "string"
						},
						{
							"key": "redirect_uri",
							"value": "",
							"type": "string"
						},
						{
							"key": "useBrowser",
							"value": false,
							"type": "boolean"
						},
						{
							"key": "addTokenTo",
							"value": "header",
							"type": "string"
						},
						{
							"key": "tokenType",
							"value": "bearer",
							"type": "string"
						}
					]
				},
				"method": "GET",
				"header": [],
				"url": {
					"raw": "https://springodata-bold-dog-mn.cfapps.us10-001.hana.ondemand.com/vendor",
					"protocol": "https",
					"host": [
						"springodata-bold-dog-mn",
						"cfapps",
						"us10-001",
						"hana",
						"ondemand",
						"com"
					],
					"path": [
						"vendor"
					]
				}
			},
			"response": []
		},
		{
			"name": "*All the CAPM Calls are below===>",
			"request": {
				"method": "GET",
				"header": []
			},
			"response": []
		},
		{
			"name": "Get for the CAP Service",
			"request": {
				"method": "GET",
				"header": [],
				"url": {
					"raw": "http://localhost:4004/my/$metadata",
					"protocol": "http",
					"host": [
						"localhost"
					],
					"port": "4004",
					"path": [
						"my",
						"$metadata"
					]
				}
			},
			"response": []
		},
		{
			"name": "Get All Orders",
			"request": {
				"method": "GET",
				"header": [],
				"url": {
					"raw": "http://localhost:4004/my/OrderSet",
					"protocol": "http",
					"host": [
						"localhost"
					],
					"port": "4004",
					"path": [
						"my",
						"OrderSet"
					]
				}
			},
			"response": []
		},
		{
			"name": "Pagination on order",
			"request": {
				"method": "GET",
				"header": [],
				"url": {
					"raw": "http://localhost:4004/my/OrderSet?$top=1&$skip=2",
					"protocol": "http",
					"host": [
						"localhost"
					],
					"port": "4004",
					"path": [
						"my",
						"OrderSet"
					],
					"query": [
						{
							"key": "$top",
							"value": "1"
						},
						{
							"key": "$skip",
							"value": "2"
						}
					]
				}
			},
			"response": []
		},
		{
			"name": "Filtering data for orders",
			"request": {
				"method": "GET",
				"header": [],
				"url": {
					"raw": "http://localhost:4004/my/OrderSet?$filter=customer eq 'Midel'",
					"protocol": "http",
					"host": [
						"localhost"
					],
					"port": "4004",
					"path": [
						"my",
						"OrderSet"
					],
					"query": [
						{
							"key": "$filter",
							"value": "customer eq 'Midel'"
						}
					]
				}
			},
			"response": []
		},
		{
			"name": "Get Order by key",
			"request": {
				"method": "GET",
				"header": [],
				"url": {
					"raw": "http://localhost:4004/my/OrderSet/b992be63-9917-4e15-b505-bbe62f4b4f60",
					"protocol": "http",
					"host": [
						"localhost"
					],
					"port": "4004",
					"path": [
						"my",
						"OrderSet",
						"b992be63-9917-4e15-b505-bbe62f4b4f60"
					]
				}
			},
			"response": []
		},
		{
			"name": "Get Order and Employee together",
			"request": {
				"method": "GET",
				"header": [],
				"url": {
					"raw": "http://localhost:4004/my/OrderSet/b992be63-9917-4e15-b505-bbe62f4b4f60?$expand=created_by",
					"protocol": "http",
					"host": [
						"localhost"
					],
					"port": "4004",
					"path": [
						"my",
						"OrderSet",
						"b992be63-9917-4e15-b505-bbe62f4b4f60"
					],
					"query": [
						{
							"key": "$expand",
							"value": "created_by"
						}
					]
				}
			},
			"response": []
		},
		{
			"name": "Get Order and Employee together Copy",
			"request": {
				"method": "POST",
				"header": [],
				"body": {
					"mode": "raw",
					"raw": "{\r\n    \"CURRENCY_code\": \"EUR\",\r\n    \"GROSS_AMOUNT\": 9050,\r\n    \"NET_AMOUNT\": 9000,\r\n    \"TAX_AMOUNT\": 50,\r\n    \"customer\": \"Nong Yuy\",\r\n    \"location\": \"Chayaphum\",\r\n    \"created_on\": \"2022-09-05\",\r\n    \"created_by_id\": \"2\"\r\n}",
					"options": {
						"raw": {
							"language": "json"
						}
					}
				},
				"url": {
					"raw": "http://localhost:4004/my/OrderSet",
					"protocol": "http",
					"host": [
						"localhost"
					],
					"port": "4004",
					"path": [
						"my",
						"OrderSet"
					]
				}
			},
			"response": []
		},
		{
			"name": "Patch request to change order data",
			"request": {
				"method": "PATCH",
				"header": [],
				"body": {
					"mode": "raw",
					"raw": "{\r\n    \"location\": \"Sikar\"\r\n}",
					"options": {
						"raw": {
							"language": "json"
						}
					}
				},
				"url": {
					"raw": "http://localhost:4004/my/OrderSet/78c25206-bc5b-45d7-aa27-3fde2d7844d3",
					"protocol": "http",
					"host": [
						"localhost"
					],
					"port": "4004",
					"path": [
						"my",
						"OrderSet",
						"78c25206-bc5b-45d7-aa27-3fde2d7844d3"
					]
				}
			},
			"response": []
		},
		{
			"name": "DELETE Request for order",
			"request": {
				"method": "DELETE",
				"header": [],
				"body": {
					"mode": "raw",
					"raw": "{\r\n    \"location\": \"Sikar\"\r\n}",
					"options": {
						"raw": {
							"language": "json"
						}
					}
				},
				"url": {
					"raw": "http://localhost:4004/my/OrderSet/78c25206-bc5b-45d7-aa27-3fde2d7844d3",
					"protocol": "http",
					"host": [
						"localhost"
					],
					"port": "4004",
					"path": [
						"my",
						"OrderSet",
						"78c25206-bc5b-45d7-aa27-3fde2d7844d3"
					]
				}
			},
			"response": []
		}
	]
}