{
	"xsappname": "springodata",
	"tenant-mode": "dedicated",
	"scopes": [{
			"name": "$XSAPPNAME.Spiderman",
			"description": "allow user to display my service data"
		},
		{
			"name": "$XSAPPNAME.Superman",
			"description": "allow user to create vendor"
		}
	],
	"role-templates": [{
			"name": "Viewer_spider",
			"description": "View all my vendor data",
			"default-role-name": "Viewer: Authorized to Read All Vendor",
			"scope-references": [
				"$XSAPPNAME.Spiderman"
			]
		},
		{
			"name": "Editor_super",
			"description": "Edit, Vendor and addresses",
			"scope-references": [
				"$XSAPPNAME.Superman"
			]
		}
	],
	"authorities": ["$ACCEPT_GRANTED_AUTHORITIES"],
	"oauth2-configuration": {
		"token-validity": 9000,
		"redirect-uris": ["https://*.cfapps.us10-001.hana.ondemand.com/login/callback"]
	},
	"xsenableasyncservice": "true"
}
